"30/12/2022","131.11","133.01","133.10","130.77","","-1.43%"
"29/12/2022","133.01","134.48","134.48","132.88","","-1.09%"
"28/12/2022","134.47","133.49","134.50","133.37","","0.74%"
"27/12/2022","133.48","132.90","133.60","132.63","","0.47%"
"26/12/2022","132.86","132.79","133.23","132.32","","0.05%"
"23/12/2022","132.79","132.37","133.16","132.15","","0.35%"
"22/12/2022","132.33","132.50","132.74","131.64","","-0.11%"
"21/12/2022","132.47","131.73","132.54","131.49","","0.58%"
"20/12/2022","131.70","136.90","137.48","130.57","","-3.78%"
"19/12/2022","136.88","136.05","137.18","135.75","","0.14%"
"16/12/2022","136.69","137.77","137.85","136.29","","-0.78%"
"15/12/2022","137.76","135.48","138.18","135.24","","1.69%"
"14/12/2022","135.47","135.59","136.00","134.59","","-0.07%"
"13/12/2022","135.57","137.68","137.98","134.66","","-1.52%"
"12/12/2022","137.66","136.60","137.86","136.51","","0.81%"
"09/12/2022","136.56","136.66","136.91","135.60","","-0.07%"
"08/12/2022","136.65","136.63","137.25","136.24","","0.04%"
"07/12/2022","136.60","137.06","137.87","136.21","","-0.33%"
"06/12/2022","137.05","136.76","137.48","135.96","","0.23%"
"05/12/2022","136.74","134.55","136.88","134.12","","1.82%"
"02/12/2022","134.30","135.29","135.99","133.62","","-0.72%"
"01/12/2022","135.27","138.07","138.12","135.21","","-2.00%"
"30/11/2022","138.03","138.71","139.91","137.65","","-0.47%"
"29/11/2022","138.68","138.96","139.36","137.87","","-0.19%"
"28/11/2022","138.94","139.34","139.43","137.49","","-0.12%"
"25/11/2022","139.10","138.63","139.61","138.36","","0.35%"
"24/11/2022","138.61","139.60","139.65","138.05","","-0.70%"
"23/11/2022","139.59","141.26","141.63","139.16","","-1.17%"
"22/11/2022","141.24","142.14","142.25","141.08","","-0.62%"
"21/11/2022","142.12","140.29","142.27","140.16","","1.26%"
"18/11/2022","140.35","140.20","140.51","139.63","","0.12%"
"17/11/2022","140.18","139.55","140.76","138.88","","0.45%"
"16/11/2022","139.55","139.29","140.30","138.73","","0.19%"
"15/11/2022","139.29","139.90","140.63","137.68","","-0.42%"
"14/11/2022","139.88","138.54","140.80","138.47","","0.79%"
"11/11/2022","138.79","141.01","142.49","138.46","","-1.53%"
"10/11/2022","140.95","146.46","146.61","140.20","","-3.75%"
"09/11/2022","146.44","145.69","146.82","145.17","","0.54%"
"08/11/2022","145.66","146.63","146.96","145.31","","-0.65%"
"07/11/2022","146.62","147.15","147.59","146.09","","0.02%"
"04/11/2022","146.59","148.26","148.41","146.55","","-1.13%"
"03/11/2022","148.27","147.90","148.46","147.11","","0.25%"
"02/11/2022","147.90","148.29","148.38","145.68","","-0.26%"
"01/11/2022","148.28","148.71","148.83","146.99","","-0.29%"
"31/10/2022","148.71","147.76","148.86","147.55","","0.85%"
"28/10/2022","147.45","146.29","147.90","145.99","","0.81%"
"27/10/2022","146.27","146.37","146.95","145.11","","-0.05%"
"26/10/2022","146.35","147.93","148.42","146.22","","-1.05%"
"25/10/2022","147.91","148.98","149.10","147.52","","-0.70%"
"24/10/2022","148.96","147.57","149.70","145.63","","0.89%"
"21/10/2022","147.64","150.15","151.96","146.21","","-1.67%"
"20/10/2022","150.14","149.88","150.30","149.55","","0.17%"
"19/10/2022","149.89","149.27","149.91","149.10","","0.42%"
"18/10/2022","149.26","149.02","149.35","148.67","","0.15%"
"17/10/2022","149.03","148.45","149.09","148.42","","0.19%"
"14/10/2022","148.74","147.20","148.88","147.09","","1.03%"
"13/10/2022","147.22","146.91","147.68","146.50","","0.21%"
"12/10/2022","146.91","145.86","147.01","145.73","","0.72%"
"11/10/2022","145.86","145.68","145.91","145.42","","0.12%"
"10/10/2022","145.68","145.35","145.88","145.23","","0.24%"
"07/10/2022","145.33","145.13","145.46","144.71","","0.14%"
"06/10/2022","145.12","144.65","145.15","144.37","","0.34%"
"05/10/2022","144.63","144.13","144.86","143.52","","0.37%"
"04/10/2022","144.09","144.54","144.95","143.89","","-0.30%"
"03/10/2022","144.53","144.61","145.22","144.15","","-0.15%"
"30/09/2022","144.75","144.46","144.84","144.20","","0.21%"
"29/09/2022","144.45","144.13","144.81","144.05","","0.20%"
"28/09/2022","144.16","144.77","144.87","143.90","","-0.41%"
"27/09/2022","144.76","144.76","144.92","144.06","","0.01%"
"26/09/2022","144.75","143.40","144.80","143.27","","1.00%"
"23/09/2022","143.32","142.38","143.48","141.76","","0.68%"
"22/09/2022","142.35","144.05","145.91","140.35","","-1.17%"
"21/09/2022","144.04","143.74","144.71","143.34","","0.22%"
"20/09/2022","143.72","143.21","143.93","142.94","","0.36%"
"19/09/2022","143.20","142.96","143.65","142.65","","0.20%"
"16/09/2022","142.91","143.51","143.70","142.83","","-0.43%"
"15/09/2022","143.52","143.16","143.82","142.79","","0.26%"
"14/09/2022","143.15","144.59","144.96","142.55","","-0.97%"
"13/09/2022","144.55","142.85","144.70","141.84","","1.20%"
"12/09/2022","142.83","142.25","143.51","142.15","","0.22%"
"09/09/2022","142.52","144.12","144.13","141.50","","-1.09%"
"08/09/2022","144.09","143.73","144.57","143.32","","0.27%"
"07/09/2022","143.70","142.80","145.00","142.72","","0.64%"
"06/09/2022","142.79","140.62","143.09","140.24","","1.56%"
"05/09/2022","140.59","140.18","140.68","140.08","","0.28%"
"02/09/2022","140.20","140.21","140.81","139.87","","0.00%"
"01/09/2022","140.20","138.97","140.24","138.92","","0.89%"
"31/08/2022","138.96","138.80","139.01","138.26","","0.12%"
"30/08/2022","138.79","138.71","139.08","138.04","","0.07%"
"29/08/2022","138.69","137.65","139.01","137.55","","0.85%"
"26/08/2022","137.52","136.51","137.57","136.29","","0.75%"
"25/08/2022","136.50","137.12","137.21","136.32","","-0.44%"
"24/08/2022","137.11","136.79","137.26","136.17","","0.24%"
"23/08/2022","136.78","137.49","137.72","135.81","","-0.50%"
"22/08/2022","137.47","136.88","137.66","136.70","","0.39%"
"19/08/2022","136.93","135.90","137.24","135.71","","0.77%"
"18/08/2022","135.88","135.02","135.91","134.65","","0.64%"
"17/08/2022","135.01","134.24","135.51","133.90","","0.60%"
"16/08/2022","134.21","133.30","134.69","132.94","","0.67%"
"15/08/2022","133.32","133.45","133.60","132.55","","-0.12%"
"12/08/2022","133.48","133.04","133.90","132.88","","0.36%"
"11/08/2022","133.00","132.90","133.32","131.73","","0.10%"
"10/08/2022","132.87","135.15","135.31","132.02","","-1.67%"
"09/08/2022","135.13","135.01","135.22","134.66","","0.10%"
"08/08/2022","135.00","135.01","135.59","134.35","","0.02%"
"05/08/2022","134.97","132.87","135.51","132.51","","1.60%"
"04/08/2022","132.85","133.85","134.43","132.76","","-0.75%"
"03/08/2022","133.86","133.17","134.55","132.28","","0.53%"
"02/08/2022","133.16","131.62","133.19","130.40","","1.18%"
"01/08/2022","131.61","133.23","133.57","131.60","","-1.19%"
"29/07/2022","133.19","134.27","134.68","132.51","","-0.81%"
"28/07/2022","134.28","136.57","136.60","134.20","","-1.66%"
"27/07/2022","136.55","136.93","137.48","136.32","","-0.26%"
"26/07/2022","136.91","136.70","136.98","136.27","","0.18%"
"25/07/2022","136.66","136.07","136.80","135.89","","0.45%"
"22/07/2022","136.05","137.38","137.97","135.57","","-0.96%"
"21/07/2022","137.37","138.24","138.89","137.29","","-0.60%"
"20/07/2022","138.20","138.18","138.38","137.90","","0.01%"
"19/07/2022","138.18","138.13","138.40","137.38","","0.04%"
"18/07/2022","138.12","138.54","138.59","137.89","","-0.30%"
"15/07/2022","138.53","138.96","139.13","138.39","","-0.27%"
"14/07/2022","138.90","137.43","139.40","137.33","","1.08%"
"13/07/2022","137.42","136.88","137.88","136.68","","0.41%"
"12/07/2022","136.86","137.44","137.54","136.48","","-0.41%"
"11/07/2022","137.42","136.02","137.76","135.99","","0.98%"
"08/07/2022","136.08","136.02","136.58","135.33","","0.07%"
"07/07/2022","135.98","135.96","136.24","135.54","","0.04%"
"06/07/2022","135.93","135.88","136.01","134.95","","0.04%"
"05/07/2022","135.87","135.71","136.38","135.52","","0.13%"
"04/07/2022","135.69","135.32","135.79","134.78","","0.37%"
"01/07/2022","135.19","135.73","135.99","134.74","","-0.40%"
"30/06/2022","135.73","136.59","136.82","135.55","","-0.62%"
"29/06/2022","136.58","136.13","137.01","135.79","","0.34%"
"28/06/2022","136.12","135.46","136.40","135.11","","0.51%"
"27/06/2022","135.43","135.12","135.56","134.51","","0.19%"
"24/06/2022","135.17","134.95","135.41","134.35","","0.18%"
"23/06/2022","134.93","136.26","136.26","134.26","","-0.98%"
"22/06/2022","136.26","136.65","136.72","135.68","","-0.26%"
"21/06/2022","136.61","135.10","136.71","134.92","","1.13%"
"20/06/2022","135.08","134.90","135.45","134.54","","0.09%"
"17/06/2022","134.96","132.21","135.44","132.16","","2.09%"
"16/06/2022","132.20","133.84","134.68","131.49","","-1.22%"
"15/06/2022","133.83","135.48","135.60","133.50","","-1.21%"
"14/06/2022","135.47","134.43","135.49","133.87","","0.80%"
"13/06/2022","134.40","134.38","135.19","133.59","","-0.01%"
"10/06/2022","134.42","134.35","134.49","133.36","","0.07%"
"09/06/2022","134.33","134.27","134.56","133.18","","0.07%"
"08/06/2022","134.24","132.57","134.49","132.57","","1.25%"
"07/06/2022","132.58","131.88","133.01","131.86","","0.54%"
"06/06/2022","131.87","130.85","132.02","130.43","","0.77%"
"03/06/2022","130.86","129.85","130.99","129.68","","0.79%"
"02/06/2022","129.83","130.12","130.24","129.51","","-0.22%"
"01/06/2022","130.11","128.65","130.20","128.63","","1.11%"
"31/05/2022","128.68","127.57","128.90","127.53","","0.89%"
"30/05/2022","127.55","127.07","127.83","126.86","","0.35%"
"27/05/2022","127.11","127.14","127.27","126.67","","-0.02%"
"26/05/2022","127.14","127.33","127.59","126.55","","-0.13%"
"25/05/2022","127.31","126.82","127.51","126.64","","0.40%"
"24/05/2022","126.80","127.89","128.09","126.36","","-0.84%"
"23/05/2022","127.87","127.93","128.07","127.14","","0.02%"
"20/05/2022","127.85","127.82","128.31","127.53","","0.04%"
"19/05/2022","127.80","128.23","128.96","127.03","","-0.33%"
"18/05/2022","128.22","129.38","129.54","128.01","","-0.90%"
"17/05/2022","129.39","129.18","129.79","128.82","","0.18%"
"16/05/2022","129.16","129.27","129.64","128.70","","-0.02%"
"13/05/2022","129.19","128.35","129.46","128.25","","0.68%"
"12/05/2022","128.32","129.90","130.06","127.51","","-1.26%"
"11/05/2022","129.96","130.45","130.82","129.45","","-0.36%"
"10/05/2022","130.43","130.26","130.58","129.80","","0.14%"
"09/05/2022","130.25","130.51","131.36","130.12","","-0.24%"
"06/05/2022","130.56","130.18","130.82","130.09","","0.33%"
"05/05/2022","130.13","129.07","130.57","128.75","","0.82%"
"04/05/2022","129.07","130.10","130.39","128.63","","-0.79%"
"03/05/2022","130.10","130.13","130.30","129.70","","-0.03%"
"02/05/2022","130.14","129.77","130.49","129.61","","0.24%"
"29/04/2022","129.83","130.87","130.96","129.31","","-0.78%"
"28/04/2022","130.85","128.43","131.26","128.34","","1.89%"
"27/04/2022","128.42","127.22","128.60","126.94","","0.94%"
"26/04/2022","127.22","128.15","128.23","127.03","","-0.70%"
"25/04/2022","128.12","128.60","128.88","127.52","","-0.34%"
"22/04/2022","128.56","128.38","129.12","127.74","","0.13%"
"21/04/2022","128.39","127.89","128.71","127.80","","0.40%"
"20/04/2022","127.88","128.91","129.41","127.46","","-0.79%"
"19/04/2022","128.90","127.00","128.99","126.96","","1.52%"
"18/04/2022","126.97","126.43","127.01","126.25","","0.49%"
"15/04/2022","126.35","125.87","126.69","125.86","","0.39%"
"14/04/2022","125.86","125.67","126.03","125.08","","0.16%"
"13/04/2022","125.66","125.36","126.32","125.35","","0.25%"
"12/04/2022","125.35","125.36","125.77","124.78","","0.00%"
"11/04/2022","125.35","124.06","125.79","124.00","","0.83%"
"08/04/2022","124.32","123.93","124.69","123.67","","0.32%"
"07/04/2022","123.92","123.79","124.01","123.47","","0.11%"
"06/04/2022","123.79","123.61","124.07","123.47","","0.15%"
"05/04/2022","123.60","122.81","123.68","122.38","","0.67%"
"04/04/2022","122.78","122.64","122.96","122.26","","0.24%"
"01/04/2022","122.49","121.67","123.04","121.67","","0.68%"
"31/03/2022","121.66","121.88","122.46","121.28","","-0.11%"
"30/03/2022","121.80","122.86","123.21","121.31","","-0.85%"
"29/03/2022","122.84","123.71","124.31","121.98","","-0.86%"
"28/03/2022","123.91","121.97","125.11","121.96","","1.52%"
"25/03/2022","122.06","122.36","122.44","121.18","","-0.22%"
"24/03/2022","122.33","121.15","122.42","120.95","","0.97%"
"23/03/2022","121.15","120.79","121.42","120.59","","0.29%"
"22/03/2022","120.80","119.47","121.04","119.43","","1.11%"
"21/03/2022","119.47","119.17","119.51","119.07","","0.25%"
"18/03/2022","119.17","118.60","119.41","118.46","","0.49%"
"17/03/2022","118.59","118.72","119.03","118.36","","-0.11%"
"16/03/2022","118.72","118.31","119.14","118.17","","0.37%"
"15/03/2022","118.28","118.18","118.46","117.71","","0.08%"
"14/03/2022","118.18","117.34","118.23","117.30","","0.77%"
"11/03/2022","117.28","116.14","117.37","116.10","","0.99%"
"10/03/2022","116.13","115.83","116.21","115.81","","0.27%"
"09/03/2022","115.82","115.68","115.96","115.56","","0.14%"
"08/03/2022","115.66","115.32","115.80","115.26","","0.32%"
"07/03/2022","115.29","114.82","115.49","114.79","","0.44%"
"04/03/2022","114.78","115.46","115.56","114.64","","-0.59%"
"03/03/2022","115.46","115.53","115.82","115.38","","-0.03%"
"02/03/2022","115.50","114.90","115.70","114.79","","0.53%"
"01/03/2022","114.89","115.00","115.30","114.69","","-0.09%"
"28/02/2022","114.99","114.98","115.79","114.86","","-0.49%"
"25/02/2022","115.56","115.54","115.78","115.14","","0.03%"
"24/02/2022","115.52","114.99","115.71","114.40","","0.48%"
"23/02/2022","114.97","115.08","115.21","114.92","","-0.10%"
"22/02/2022","115.08","114.74","115.25","114.50","","0.30%"
"21/02/2022","114.74","114.93","115.13","114.71","","-0.23%"
"18/02/2022","115.00","114.93","115.31","114.79","","0.06%"
"17/02/2022","114.93","115.50","115.54","114.85","","-0.46%"
"16/02/2022","115.46","115.64","115.80","115.35","","-0.14%"
"15/02/2022","115.62","115.54","115.89","115.25","","0.08%"
"14/02/2022","115.53","115.28","115.76","115.00","","0.10%"
"11/02/2022","115.41","116.01","116.18","115.01","","-0.51%"
"10/02/2022","116.00","115.50","116.35","115.47","","0.44%"
"09/02/2022","115.49","115.55","115.68","115.32","","-0.04%"
"08/02/2022","115.54","115.10","115.64","115.05","","0.36%"
"07/02/2022","115.12","115.22","115.39","114.91","","-0.07%"
"04/02/2022","115.20","114.97","115.44","114.77","","0.22%"
"03/02/2022","114.95","114.46","115.00","114.32","","0.45%"
"02/02/2022","114.44","114.72","114.81","114.15","","-0.24%"
"01/02/2022","114.71","115.13","115.21","114.57","","-0.34%"
"31/01/2022","115.10","115.23","115.61","114.92","","-0.12%"
"28/01/2022","115.24","115.36","115.69","115.11","","-0.09%"
"27/01/2022","115.34","114.64","115.50","114.46","","0.62%"
"26/01/2022","114.63","113.89","114.71","113.77","","0.68%"
"25/01/2022","113.86","113.97","114.17","113.67","","-0.05%"
"24/01/2022","113.92","113.66","114.01","113.47","","0.21%"
"21/01/2022","113.68","114.11","114.17","113.60","","-0.36%"
"20/01/2022","114.09","114.32","114.56","113.96","","-0.20%"
"19/01/2022","114.32","114.61","114.79","114.21","","-0.25%"
"18/01/2022","114.61","114.64","115.07","114.44","","0.01%"
"17/01/2022","114.60","114.21","114.66","114.13","","0.35%"
"14/01/2022","114.20","114.19","114.27","113.48","","0.03%"
"13/01/2022","114.17","114.65","114.71","114.00","","-0.40%"
"12/01/2022","114.63","115.29","115.48","114.38","","-0.56%"
"11/01/2022","115.28","115.21","115.69","115.12","","0.07%"
"10/01/2022","115.20","115.64","115.86","115.04","","-0.30%"
"07/01/2022","115.55","115.83","116.05","115.51","","-0.23%"
"06/01/2022","115.82","116.13","116.19","115.63","","-0.24%"
"05/01/2022","116.10","116.15","116.25","115.61","","-0.03%"
"04/01/2022","116.14","115.33","116.36","115.29","","0.71%"
"03/01/2022","115.32","115.10","115.38","114.96","","0.21%"
"31/12/2021","115.08","115.07","115.20","115.00","","0.02%"
"30/12/2021","115.06","114.96","115.21","114.93","","0.10%"
"29/12/2021","114.94","114.82","115.04","114.67","","0.11%"
"28/12/2021","114.81","114.87","114.96","114.71","","-0.02%"
"27/12/2021","114.83","114.39","114.93","114.30","","0.37%"
"24/12/2021","114.41","114.38","114.52","114.29","","0.03%"
"23/12/2021","114.37","114.10","114.48","114.07","","0.23%"
"22/12/2021","114.11","114.11","114.38","113.94","","0.03%"
"21/12/2021","114.08","113.60","114.23","113.55","","0.44%"
"20/12/2021","113.58","113.63","113.74","113.32","","-0.08%"
"17/12/2021","113.67","113.65","113.86","113.14","","-0.03%"
"16/12/2021","113.70","114.03","114.25","113.56","","-0.28%"
"15/12/2021","114.02","113.72","114.28","113.62","","0.27%"
"14/12/2021","113.71","113.57","113.77","113.43","","0.13%"
"13/12/2021","113.56","113.28","113.74","113.27","","0.16%"
"10/12/2021","113.38","113.52","113.81","113.22","","-0.05%"
"09/12/2021","113.44","113.68","113.82","113.27","","-0.19%"
"08/12/2021","113.66","113.58","113.96","113.31","","0.08%"
"07/12/2021","113.57","113.46","113.79","113.39","","0.10%"
"06/12/2021","113.46","112.78","113.57","112.77","","0.59%"
"03/12/2021","112.80","113.17","113.63","112.56","","-0.31%"
"02/12/2021","113.15","112.76","113.35","112.71","","0.35%"
"01/12/2021","112.75","113.18","113.64","112.67","","-0.34%"
"30/11/2021","113.13","113.53","113.90","112.53","","-0.34%"
"29/11/2021","113.52","113.36","113.97","112.99","","0.19%"
"26/11/2021","113.31","115.36","115.39","113.04","","-1.77%"
"25/11/2021","115.35","115.42","115.46","115.24","","-0.05%"
"24/11/2021","115.41","115.11","115.53","114.82","","0.25%"
"23/11/2021","115.12","114.92","115.19","114.49","","0.23%"
"22/11/2021","114.86","113.96","114.97","113.90","","0.77%"
"19/11/2021","113.98","114.25","114.55","113.58","","-0.23%"
"18/11/2021","114.24","114.07","114.49","113.88","","0.15%"
"17/11/2021","114.07","114.83","114.98","113.93","","-0.65%"
"16/11/2021","114.82","114.13","114.86","114.10","","0.61%"
"15/11/2021","114.12","113.90","114.22","113.75","","0.24%"
"12/11/2021","113.85","114.07","114.31","113.75","","-0.18%"
"11/11/2021","114.05","113.93","114.16","113.81","","0.13%"
"10/11/2021","113.90","112.88","114.03","112.77","","0.93%"
"09/11/2021","112.85","113.23","113.29","112.71","","-0.33%"
"08/11/2021","113.22","113.43","113.68","113.07","","-0.16%"
"05/11/2021","113.40","113.75","114.04","113.29","","-0.31%"
"04/11/2021","113.75","114.00","114.29","113.50","","-0.20%"
"03/11/2021","113.98","113.96","114.23","113.71","","0.03%"
"02/11/2021","113.95","114.00","114.14","113.46","","-0.03%"
"01/11/2021","113.98","113.97","114.46","113.93","","-0.02%"
"29/10/2021","114.00","113.58","114.10","113.39","","0.39%"
"28/10/2021","113.56","113.82","113.88","113.25","","-0.22%"
"27/10/2021","113.81","114.15","114.22","113.39","","-0.29%"
"26/10/2021","114.14","113.71","114.32","113.68","","0.39%"
"25/10/2021","113.70","113.60","113.93","113.46","","0.21%"
"22/10/2021","113.46","113.97","114.21","113.40","","-0.45%"
"21/10/2021","113.97","114.28","114.42","113.64","","-0.25%"
"20/10/2021","114.26","114.38","114.71","114.07","","-0.09%"
"19/10/2021","114.36","114.32","114.40","113.88","","0.04%"
"18/10/2021","114.31","114.21","114.46","114.01","","0.10%"
"15/10/2021","114.20","113.68","114.47","113.64","","0.48%"
"14/10/2021","113.66","113.28","113.73","113.21","","0.38%"
"13/10/2021","113.23","113.61","113.82","113.22","","-0.33%"
"12/10/2021","113.60","113.31","113.80","113.00","","0.26%"
"11/10/2021","113.30","112.18","113.43","112.14","","0.96%"
"08/10/2021","112.22","111.63","112.26","111.51","","0.56%"
"07/10/2021","111.59","111.42","111.66","111.23","","0.16%"
"06/10/2021","111.41","111.47","111.79","111.20","","-0.04%"
"05/10/2021","111.45","110.89","111.57","110.86","","0.52%"
"04/10/2021","110.87","111.04","111.32","110.82","","-0.16%"
"01/10/2021","111.05","111.28","111.50","110.90","","-0.20%"
"30/09/2021","111.27","111.97","112.08","111.24","","-0.62%"
"29/09/2021","111.96","111.50","112.05","111.21","","0.41%"
"28/09/2021","111.50","111.00","111.64","110.93","","0.45%"
"27/09/2021","111.00","110.69","111.07","110.53","","0.25%"
"24/09/2021","110.72","110.32","110.80","110.25","","0.38%"
"23/09/2021","110.30","109.79","110.36","109.75","","0.47%"
"22/09/2021","109.78","109.24","109.90","109.12","","0.52%"
"21/09/2021","109.21","109.40","109.71","109.18","","-0.16%"
"20/09/2021","109.39","109.97","110.04","109.32","","-0.52%"
"17/09/2021","109.96","109.78","110.08","109.67","","0.24%"
"16/09/2021","109.70","109.38","109.83","109.21","","0.31%"
"15/09/2021","109.36","109.68","109.75","109.11","","-0.28%"
"14/09/2021","109.67","110.00","110.17","109.53","","-0.28%"
"13/09/2021","109.98","109.89","110.17","109.85","","0.05%"
"10/09/2021","109.93","109.72","110.00","109.69","","0.21%"
"09/09/2021","109.70","110.24","110.29","109.62","","-0.48%"
"08/09/2021","110.23","110.29","110.46","110.14","","-0.04%"
"07/09/2021","110.27","109.86","110.32","109.68","","0.40%"
"06/09/2021","109.83","109.75","109.96","109.70","","0.09%"
"03/09/2021","109.73","109.96","110.08","109.59","","-0.17%"
"02/09/2021","109.92","110.00","110.12","109.92","","-0.06%"
"01/09/2021","109.99","110.03","110.43","109.88","","-0.03%"
"31/08/2021","110.02","109.93","110.08","109.58","","0.09%"
"30/08/2021","109.92","109.86","109.97","109.70","","0.09%"
"27/08/2021","109.82","110.10","110.28","109.78","","-0.23%"
"26/08/2021","110.07","110.00","110.24","109.92","","0.07%"
"25/08/2021","109.99","109.64","110.13","109.61","","0.34%"
"24/08/2021","109.62","109.69","109.89","109.41","","-0.05%"
"23/08/2021","109.68","109.81","110.15","109.65","","-0.11%"
"20/08/2021","109.80","109.75","109.89","109.57","","0.07%"
"19/08/2021","109.72","109.76","110.23","109.49","","-0.02%"
"18/08/2021","109.74","109.57","110.07","109.47","","0.16%"
"17/08/2021","109.57","109.22","109.66","109.12","","0.31%"
"16/08/2021","109.23","109.71","109.76","109.11","","-0.31%"
"13/08/2021","109.57","110.39","110.46","109.54","","-0.73%"
"12/08/2021","110.38","110.42","110.55","110.31","","-0.02%"
"11/08/2021","110.40","110.58","110.81","110.31","","-0.14%"
"10/08/2021","110.56","110.29","110.60","110.28","","0.25%"
"09/08/2021","110.28","110.26","110.36","110.02","","0.03%"
"06/08/2021","110.25","109.77","110.36","109.69","","0.46%"
"05/08/2021","109.74","109.49","109.79","109.40","","0.25%"
"04/08/2021","109.47","109.07","109.68","108.72","","0.39%"
"03/08/2021","109.04","109.32","109.36","108.88","","-0.22%"
"02/08/2021","109.28","109.69","109.79","109.18","","-0.38%"
"30/07/2021","109.70","109.49","109.83","109.36","","0.22%"
"29/07/2021","109.46","109.91","109.96","109.42","","-0.40%"
"28/07/2021","109.90","109.75","110.29","109.74","","0.13%"
"27/07/2021","109.76","110.36","110.41","109.58","","-0.53%"
"26/07/2021","110.34","110.57","110.59","110.11","","-0.18%"
"23/07/2021","110.54","110.15","110.60","110.08","","0.36%"
"22/07/2021","110.14","110.32","110.36","110.01","","-0.12%"
"21/07/2021","110.27","109.86","110.39","109.79","","0.39%"
"20/07/2021","109.84","109.43","109.96","109.33","","0.37%"
"19/07/2021","109.44","109.92","110.11","109.07","","-0.58%"
"16/07/2021","110.08","109.88","110.36","109.73","","0.20%"
"15/07/2021","109.86","109.97","110.10","109.71","","-0.12%"
"14/07/2021","109.99","110.64","110.71","109.93","","-0.56%"
"13/07/2021","110.61","110.39","110.65","110.19","","0.24%"
"12/07/2021","110.35","110.17","110.41","109.98","","0.19%"
"09/07/2021","110.14","109.81","110.26","109.73","","0.32%"
"08/07/2021","109.79","110.64","110.71","109.53","","-0.78%"
"07/07/2021","110.65","110.64","110.82","110.39","","0.05%"
"06/07/2021","110.60","110.96","110.99","110.52","","-0.32%"
"05/07/2021","110.96","111.06","111.19","110.79","","-0.07%"
"02/07/2021","111.04","111.54","111.67","110.95","","-0.41%"
"01/07/2021","111.50","111.11","111.64","111.03","","0.36%"
"30/06/2021","111.10","110.53","111.12","110.42","","0.54%"
"29/06/2021","110.50","110.64","110.76","110.43","","-0.11%"
"28/06/2021","110.62","110.75","110.98","110.50","","-0.14%"
"25/06/2021","110.77","110.88","110.99","110.48","","-0.08%"
"24/06/2021","110.86","110.96","111.12","110.69","","-0.07%"
"23/06/2021","110.94","110.64","111.11","110.62","","0.27%"
"22/06/2021","110.64","110.32","110.80","110.21","","0.31%"
"21/06/2021","110.30","110.26","110.35","109.71","","0.10%"
"18/06/2021","110.19","110.21","110.49","109.94","","-0.01%"
"17/06/2021","110.20","110.70","110.83","110.17","","-0.44%"
"16/06/2021","110.69","110.07","110.72","109.80","","0.56%"
"15/06/2021","110.07","110.07","110.18","109.98","","0.01%"
"14/06/2021","110.06","109.64","110.10","109.60","","0.37%"
"11/06/2021","109.65","109.32","109.85","109.31","","0.31%"
"10/06/2021","109.31","109.63","109.81","109.30","","-0.27%"
"09/06/2021","109.61","109.50","109.66","109.22","","0.11%"
"08/06/2021","109.49","109.25","109.56","109.19","","0.23%"
"07/06/2021","109.24","109.51","109.64","109.18","","-0.23%"
"04/06/2021","109.49","110.29","110.34","109.36","","-0.72%"
"03/06/2021","110.28","109.56","110.33","109.54","","0.68%"
"02/06/2021","109.54","109.47","109.89","109.42","","0.08%"
"01/06/2021","109.45","109.57","109.71","109.32","","-0.08%"
"31/05/2021","109.54","109.83","109.94","109.35","","-0.25%"
"28/05/2021","109.81","109.82","110.21","109.74","","0.01%"
"27/05/2021","109.80","109.15","109.93","109.03","","0.60%"
"26/05/2021","109.14","108.78","109.18","108.71","","0.35%"
"25/05/2021","108.76","108.74","109.07","108.57","","0.02%"
"24/05/2021","108.74","108.94","109.00","108.69","","-0.18%"
"21/05/2021","108.94","108.79","109.01","108.61","","0.17%"
"20/05/2021","108.75","109.24","109.31","108.75","","-0.42%"
"19/05/2021","109.21","108.89","109.35","108.57","","0.30%"
"18/05/2021","108.88","109.21","109.29","108.83","","-0.28%"
"17/05/2021","109.19","109.28","109.50","109.07","","-0.14%"
"14/05/2021","109.34","109.46","109.66","109.19","","-0.10%"
"13/05/2021","109.45","109.67","109.79","109.40","","-0.18%"
"12/05/2021","109.65","108.61","109.71","108.59","","0.96%"
"11/05/2021","108.61","108.79","108.99","108.35","","-0.16%"
"10/05/2021","108.78","108.67","109.07","108.46","","0.17%"
"07/05/2021","108.60","109.10","109.29","108.33","","-0.44%"
"06/05/2021","109.08","109.21","109.43","109.00","","-0.09%"
"05/05/2021","109.18","109.35","109.48","109.14","","-0.14%"
"04/05/2021","109.33","109.07","109.50","109.03","","0.25%"
"03/05/2021","109.06","109.26","109.71","108.89","","-0.19%"
"30/04/2021","109.27","108.92","109.38","108.71","","0.33%"
"29/04/2021","108.91","108.60","109.23","108.43","","0.29%"
"28/04/2021","108.59","108.74","109.08","108.57","","-0.08%"
"27/04/2021","108.68","108.07","108.78","108.07","","0.56%"
"26/04/2021","108.08","107.99","108.21","107.64","","0.16%"
"23/04/2021","107.91","107.96","108.15","107.47","","-0.05%"
"22/04/2021","107.96","108.07","108.24","107.81","","-0.08%"
"21/04/2021","108.05","108.10","108.29","107.88","","-0.03%"
"20/04/2021","108.08","108.15","108.55","107.96","","-0.06%"
"19/04/2021","108.15","108.78","108.84","108.01","","-0.57%"
"16/04/2021","108.77","108.78","108.97","108.61","","0.03%"
"15/04/2021","108.74","108.92","108.99","108.61","","-0.16%"
"14/04/2021","108.91","109.07","109.10","108.75","","-0.13%"
"13/04/2021","109.05","109.38","109.76","109.01","","-0.29%"
"12/04/2021","109.37","109.68","109.78","109.24","","-0.26%"
"09/04/2021","109.65","109.25","109.96","109.20","","0.38%"
"08/04/2021","109.24","109.86","109.91","109.00","","-0.55%"
"07/04/2021","109.84","109.75","109.96","109.57","","0.09%"
"06/04/2021","109.74","110.17","110.57","109.67","","-0.39%"
"05/04/2021","110.17","110.63","110.75","109.96","","-0.49%"
"02/04/2021","110.71","110.63","110.75","110.36","","0.10%"
"01/04/2021","110.60","110.75","110.86","110.54","","-0.09%"
"31/03/2021","110.70","110.36","110.97","110.26","","0.33%"
"30/03/2021","110.34","109.79","110.43","109.75","","0.51%"
"29/03/2021","109.78","109.65","109.86","109.37","","0.13%"
"26/03/2021","109.64","109.18","109.86","109.13","","0.43%"
"25/03/2021","109.17","108.74","109.24","108.71","","0.41%"
"24/03/2021","108.72","108.59","108.96","108.44","","0.15%"
"23/03/2021","108.56","108.85","108.89","108.40","","-0.25%"
"22/03/2021","108.83","108.86","108.96","108.51","","-0.04%"
"19/03/2021","108.87","108.89","109.13","108.61","","-0.01%"
"18/03/2021","108.88","108.85","109.31","108.63","","0.05%"
"17/03/2021","108.83","109.00","109.33","108.75","","-0.14%"
"16/03/2021","108.98","109.13","109.29","108.77","","-0.13%"
"15/03/2021","109.12","109.07","109.37","108.91","","0.11%"
"12/03/2021","109.00","108.50","109.17","108.49","","0.47%"
"11/03/2021","108.49","108.38","108.82","108.36","","0.10%"
"10/03/2021","108.38","108.47","108.93","108.33","","-0.07%"
"09/03/2021","108.46","108.89","109.25","108.41","","-0.37%"
"08/03/2021","108.86","108.40","108.95","108.31","","0.48%"
"05/03/2021","108.34","107.97","108.64","107.82","","0.34%"
"04/03/2021","107.97","107.00","107.99","106.96","","0.92%"
"03/03/2021","106.99","106.68","107.16","106.68","","0.30%"
"02/03/2021","106.67","106.76","106.96","106.67","","-0.07%"
"01/03/2021","106.75","106.57","106.89","106.36","","0.16%"
"26/02/2021","106.58","106.22","106.70","105.85","","0.35%"
"25/02/2021","106.21","105.89","106.41","105.83","","0.33%"
"24/02/2021","105.86","105.25","106.11","105.18","","0.59%"
"23/02/2021","105.24","105.07","105.43","104.92","","0.17%"
"22/02/2021","105.06","105.42","105.85","104.98","","-0.35%"
"19/02/2021","105.43","105.69","105.75","105.24","","-0.22%"
"18/02/2021","105.66","105.88","105.93","105.60","","-0.18%"
"17/02/2021","105.85","106.04","106.22","105.78","","-0.18%"
"16/02/2021","106.04","105.39","106.07","105.18","","0.65%"
"15/02/2021","105.36","105.00","105.43","104.93","","0.41%"
"12/02/2021","104.93","104.75","105.19","104.72","","0.20%"
"11/02/2021","104.72","104.58","104.81","104.55","","0.14%"
"10/02/2021","104.57","104.60","104.85","104.41","","0.00%"
"09/02/2021","104.57","105.22","105.28","104.50","","-0.62%"
"08/02/2021","105.22","105.39","105.68","105.15","","-0.13%"
"05/02/2021","105.36","105.53","105.78","105.33","","-0.17%"
"04/02/2021","105.54","105.02","105.57","104.97","","0.50%"
"03/02/2021","105.01","104.97","105.11","104.92","","0.04%"
"02/02/2021","104.97","104.93","105.18","104.82","","0.06%"
"01/02/2021","104.91","104.68","105.04","104.61","","0.22%"
"29/01/2021","104.68","104.24","104.95","104.21","","0.45%"
"28/01/2021","104.21","104.11","104.47","104.06","","0.12%"
"27/01/2021","104.09","103.62","104.21","103.58","","0.47%"
"26/01/2021","103.60","103.74","103.83","103.55","","-0.13%"
"25/01/2021","103.73","103.79","103.94","103.67","","-0.04%"
"22/01/2021","103.77","103.50","103.89","103.47","","0.28%"
"21/01/2021","103.48","103.54","103.67","103.32","","-0.04%"
"20/01/2021","103.52","103.90","103.95","103.44","","-0.36%"
"19/01/2021","103.89","103.68","104.10","103.65","","0.19%"
"18/01/2021","103.69","103.76","103.94","103.63","","-0.17%"
"15/01/2021","103.87","103.81","103.92","103.61","","0.08%"
"14/01/2021","103.79","103.89","104.21","103.56","","-0.06%"
"13/01/2021","103.85","103.75","104.00","103.53","","0.10%"
"12/01/2021","103.75","104.28","104.35","103.72","","-0.47%"
"11/01/2021","104.24","103.89","104.40","103.83","","0.30%"
"08/01/2021","103.93","103.79","104.10","103.61","","0.13%"
"07/01/2021","103.80","103.04","103.96","102.95","","0.74%"
"06/01/2021","103.04","102.75","103.45","102.58","","0.31%"
"05/01/2021","102.72","103.13","103.19","102.60","","-0.37%"
"04/01/2021","103.10","103.18","103.32","102.71","","-0.10%"
"01/01/2021","103.20","103.25","103.25","103.21","","-0.04%"
"31/12/2020","103.24","103.18","103.32","102.99","","0.07%"
"30/12/2020","103.17","103.58","103.61","102.96","","-0.38%"
"29/12/2020","103.56","103.79","103.85","103.46","","-0.21%"
"28/12/2020","103.78","103.54","103.90","103.39","","0.29%"
"25/12/2020","103.48","103.64","103.69","103.39","","-0.14%"
"24/12/2020","103.63","103.57","103.77","103.50","","0.08%"
"23/12/2020","103.55","103.64","103.66","103.36","","-0.08%"
"22/12/2020","103.63","103.32","103.75","103.28","","0.32%"
"21/12/2020","103.30","103.39","103.89","103.25","","-0.01%"
"18/12/2020","103.31","103.13","103.60","103.10","","0.20%"
"17/12/2020","103.10","103.50","103.57","102.88","","-0.37%"
"16/12/2020","103.48","103.67","103.92","103.26","","-0.17%"
"15/12/2020","103.66","104.04","104.15","103.60","","-0.36%"
"14/12/2020","104.03","104.00","104.11","103.51","","0.02%"
"11/12/2020","104.01","104.21","104.29","103.82","","-0.18%"
"10/12/2020","104.20","104.24","104.59","104.17","","-0.01%"
"09/12/2020","104.21","104.17","104.42","104.05","","0.06%"
"08/12/2020","104.15","104.06","104.22","103.95","","0.09%"
"07/12/2020","104.06","104.14","104.32","103.92","","-0.08%"
"04/12/2020","104.14","103.85","104.25","103.74","","0.30%"
"03/12/2020","103.83","104.39","104.54","103.67","","-0.55%"
"02/12/2020","104.40","104.32","104.76","104.22","","0.10%"
"01/12/2020","104.30","104.32","104.59","104.18","","0.03%"
"30/11/2020","104.27","104.07","104.42","103.82","","0.16%"
"27/11/2020","104.10","104.27","104.29","103.90","","-0.14%"
"26/11/2020","104.25","104.46","104.49","104.21","","-0.19%"
"25/11/2020","104.45","104.43","104.61","104.25","","0.02%"
"24/11/2020","104.43","104.56","104.77","104.14","","-0.11%"
"23/11/2020","104.54","103.86","104.65","103.68","","0.66%"
"20/11/2020","103.85","103.74","103.92","103.70","","0.13%"
"19/11/2020","103.72","103.82","104.22","103.71","","-0.11%"
"18/11/2020","103.83","104.21","104.22","103.64","","-0.33%"
"17/11/2020","104.17","104.58","104.63","104.07","","-0.37%"
"16/11/2020","104.56","104.89","105.14","104.36","","-0.06%"
"13/11/2020","104.62","105.14","105.17","104.56","","-0.48%"
"12/11/2020","105.12","105.43","105.49","105.07","","-0.28%"
"11/11/2020","105.42","105.31","105.69","105.00","","0.13%"
"10/11/2020","105.28","105.38","105.50","104.79","","-0.08%"
"09/11/2020","105.36","103.35","105.66","103.19","","1.96%"
"06/11/2020","103.33","103.51","103.77","103.17","","-0.14%"
"05/11/2020","103.47","104.52","104.57","103.44","","-0.97%"
"04/11/2020","104.48","104.47","105.35","104.14","","0.02%"
"03/11/2020","104.46","104.72","104.82","104.43","","-0.24%"
"02/11/2020","104.71","104.57","104.96","104.54","","0.07%"
"30/10/2020","104.64","104.64","104.75","104.12","","0.03%"
"29/10/2020","104.61","104.36","104.74","104.03","","0.31%"
"28/10/2020","104.29","104.42","104.57","104.11","","-0.11%"
"27/10/2020","104.40","104.83","104.90","104.39","","-0.40%"
"26/10/2020","104.82","104.75","105.07","104.64","","0.12%"
"23/10/2020","104.69","104.85","104.94","104.54","","-0.12%"
"22/10/2020","104.82","104.59","104.93","104.46","","0.25%"
"21/10/2020","104.56","105.50","105.53","104.33","","-0.88%"
"20/10/2020","105.49","105.43","105.75","105.39","","0.07%"
"19/10/2020","105.42","105.39","105.51","105.29","","0.02%"
"16/10/2020","105.40","105.46","105.46","105.18","","-0.04%"
"15/10/2020","105.44","105.14","105.50","105.09","","0.28%"
"14/10/2020","105.15","105.48","105.53","105.04","","-0.30%"
"13/10/2020","105.47","105.33","105.64","105.28","","0.16%"
"12/10/2020","105.30","105.71","105.89","105.24","","-0.27%"
"09/10/2020","105.59","106.03","106.05","105.57","","-0.40%"
"08/10/2020","106.01","105.96","106.11","105.92","","0.05%"
"07/10/2020","105.96","105.64","106.12","105.60","","0.32%"
"06/10/2020","105.62","105.74","105.79","105.46","","-0.09%"
"05/10/2020","105.72","105.29","105.81","105.29","","0.37%"
"02/10/2020","105.33","105.53","105.68","104.93","","-0.16%"
"01/10/2020","105.50","105.46","105.75","105.40","","0.05%"
"30/09/2020","105.45","105.64","105.81","105.40","","-0.18%"
"29/09/2020","105.64","105.50","105.75","105.34","","0.14%"
"28/09/2020","105.49","105.51","105.69","105.26","","-0.10%"
"25/09/2020","105.60","105.42","105.71","105.24","","0.19%"
"24/09/2020","105.40","105.40","105.54","105.20","","0.03%"
"23/09/2020","105.37","104.93","105.50","104.89","","0.44%"
"22/09/2020","104.91","104.65","105.09","104.40","","0.26%"
"21/09/2020","104.64","104.44","104.84","104.00","","0.09%"
"18/09/2020","104.55","104.75","104.88","104.26","","-0.17%"
"17/09/2020","104.73","104.95","105.18","104.52","","-0.20%"
"16/09/2020","104.94","105.44","105.45","104.79","","-0.46%"
"15/09/2020","105.43","105.72","105.83","105.29","","-0.27%"
"14/09/2020","105.72","106.17","106.21","105.54","","-0.40%"
"11/09/2020","106.14","106.13","106.28","106.06","","0.01%"
"10/09/2020","106.13","106.21","106.31","105.98","","-0.04%"
"09/09/2020","106.17","106.04","106.29","105.78","","0.15%"
"08/09/2020","106.01","106.29","106.39","105.86","","-0.23%"
"07/09/2020","106.25","106.28","106.39","106.13","","0.02%"
"04/09/2020","106.23","106.19","106.51","106.06","","0.06%"
"03/09/2020","106.17","106.18","106.57","106.00","","-0.01%"
"02/09/2020","106.18","105.96","106.32","105.85","","0.22%"
"01/09/2020","105.95","105.93","106.16","105.59","","0.06%"
"31/08/2020","105.89","105.36","106.10","105.29","","0.52%"
"28/08/2020","105.34","106.57","106.96","105.19","","-1.14%"
"27/08/2020","106.55","105.99","106.71","105.61","","0.54%"
"26/08/2020","105.98","106.39","106.56","105.95","","-0.36%"
"25/08/2020","106.36","105.98","106.59","105.86","","0.37%"
"24/08/2020","105.97","105.86","106.01","105.69","","0.18%"
"21/08/2020","105.78","105.79","106.08","105.43","","-0.01%"
"20/08/2020","105.79","106.11","106.22","105.74","","-0.29%"
"19/08/2020","106.10","105.41","106.15","105.10","","0.65%"
"18/08/2020","105.42","106.00","106.07","105.28","","-0.54%"
"17/08/2020","105.99","106.63","106.67","105.94","","-0.56%"
"14/08/2020","106.59","106.90","107.04","106.43","","-0.31%"
"13/08/2020","106.92","106.89","107.06","106.56","","0.03%"
"12/08/2020","106.89","106.51","107.03","106.44","","0.39%"
"11/08/2020","106.48","105.96","106.70","105.92","","0.50%"
"10/08/2020","105.95","105.96","106.21","105.71","","0.04%"
"07/08/2020","105.91","105.51","106.07","105.47","","0.35%"
"06/08/2020","105.54","105.57","105.71","105.29","","-0.03%"
"05/08/2020","105.57","105.72","105.89","105.32","","-0.12%"
"04/08/2020","105.70","105.96","106.21","105.64","","-0.23%"
"03/08/2020","105.94","105.89","106.48","105.57","","0.06%"
"31/07/2020","105.88","104.71","106.07","104.18","","1.11%"
"30/07/2020","104.72","104.92","105.31","104.68","","-0.18%"
"29/07/2020","104.91","105.06","105.25","104.76","","-0.16%"
"28/07/2020","105.08","105.36","105.70","104.95","","-0.28%"
"27/07/2020","105.37","105.97","106.21","105.11","","-0.71%"
"24/07/2020","106.12","106.86","106.92","105.68","","-0.68%"
"23/07/2020","106.85","107.15","107.24","106.71","","-0.27%"
"22/07/2020","107.14","106.78","107.29","106.71","","0.36%"
"21/07/2020","106.76","107.26","107.38","106.68","","-0.45%"
"20/07/2020","107.24","107.11","107.53","107.01","","0.23%"
"17/07/2020","106.99","107.26","107.37","106.93","","-0.25%"
"16/07/2020","107.26","106.93","107.41","106.83","","0.32%"
"15/07/2020","106.92","107.23","107.32","106.66","","-0.29%"
"14/07/2020","107.23","107.29","107.44","107.11","","-0.03%"
"13/07/2020","107.26","106.90","107.33","106.78","","0.35%"
"10/07/2020","106.89","107.21","107.27","106.64","","-0.28%"
"09/07/2020","107.19","107.31","107.41","107.10","","-0.06%"
"08/07/2020","107.25","107.52","107.71","107.19","","-0.24%"
"07/07/2020","107.51","107.35","107.80","107.24","","0.15%"
"06/07/2020","107.35","107.50","107.78","107.25","","-0.14%"
"03/07/2020","107.50","107.50","107.58","107.43","","0.02%"
"02/07/2020","107.48","107.47","107.74","107.33","","0.02%"
"01/07/2020","107.46","107.93","108.17","107.36","","-0.43%"
"30/06/2020","107.92","107.57","108.00","107.52","","0.33%"
"29/06/2020","107.56","107.19","107.89","107.04","","0.33%"
"26/06/2020","107.21","107.24","107.37","106.79","","0.02%"
"25/06/2020","107.19","107.06","107.46","106.99","","0.16%"
"24/06/2020","107.02","106.52","107.08","106.38","","0.48%"
"23/06/2020","106.51","106.91","107.23","106.07","","-0.34%"
"22/06/2020","106.87","106.90","107.02","106.76","","0.00%"
"19/06/2020","106.87","106.97","107.07","106.76","","-0.08%"
"18/06/2020","106.96","107.00","107.14","106.67","","-0.04%"
"17/06/2020","107.00","107.35","107.46","106.95","","-0.30%"
"16/06/2020","107.32","107.33","107.64","107.21","","0.01%"
"15/06/2020","107.31","107.33","107.58","107.00","","-0.03%"
"12/06/2020","107.34","106.88","107.56","106.58","","0.46%"
"11/06/2020","106.85","107.13","107.24","106.57","","-0.22%"
"10/06/2020","107.09","107.72","107.89","106.99","","-0.58%"
"09/06/2020","107.72","108.44","108.55","107.61","","-0.65%"
"08/06/2020","108.42","109.68","109.70","108.24","","-1.06%"
"05/06/2020","109.58","109.14","109.86","109.04","","0.41%"
"04/06/2020","109.13","108.89","109.20","108.61","","0.22%"
"03/06/2020","108.89","108.68","109.00","108.42","","0.21%"
"02/06/2020","108.66","107.59","108.78","107.50","","1.00%"
"01/06/2020","107.58","107.74","107.86","107.38","","-0.18%"
"29/05/2020","107.77","107.67","107.90","107.07","","0.13%"
"28/05/2020","107.63","107.72","107.90","107.57","","-0.07%"
"27/05/2020","107.71","107.54","107.96","107.36","","0.18%"
"26/05/2020","107.52","107.71","107.93","107.40","","-0.16%"
"25/05/2020","107.69","107.58","107.79","107.56","","0.07%"
"22/05/2020","107.61","107.61","107.77","107.32","","0.00%"
"21/05/2020","107.61","107.50","107.86","107.47","","0.09%"
"20/05/2020","107.51","107.71","107.99","107.33","","-0.16%"
"19/05/2020","107.68","107.32","108.09","107.29","","0.33%"
"18/05/2020","107.33","107.08","107.51","107.04","","0.29%"
"15/05/2020","107.02","107.25","107.44","106.85","","-0.21%"
"14/05/2020","107.24","107.04","107.38","106.77","","0.21%"
"13/05/2020","107.02","107.11","107.28","106.74","","-0.10%"
"12/05/2020","107.13","107.68","107.71","107.12","","-0.49%"
"11/05/2020","107.66","106.64","107.78","106.54","","0.95%"
"08/05/2020","106.65","106.29","106.75","106.22","","0.36%"
"07/05/2020","106.27","106.11","106.67","105.99","","0.12%"
"06/05/2020","106.14","106.61","106.64","105.98","","-0.41%"
"05/05/2020","106.58","106.78","106.91","106.42","","-0.14%"
"04/05/2020","106.73","106.82","107.08","106.63","","-0.19%"
"01/05/2020","106.93","107.18","107.41","106.60","","-0.22%"
"30/04/2020","107.17","106.71","107.51","106.40","","0.44%"
"29/04/2020","106.70","106.88","106.90","106.36","","-0.15%"
"28/04/2020","106.86","107.22","107.35","106.56","","-0.34%"
"27/04/2020","107.22","107.49","107.64","106.99","","-0.26%"
"24/04/2020","107.50","107.58","107.76","107.37","","-0.07%"
"23/04/2020","107.58","107.76","108.04","107.34","","-0.13%"
"22/04/2020","107.72","107.82","107.94","107.51","","-0.04%"
"21/04/2020","107.76","107.63","107.90","107.28","","0.14%"
"20/04/2020","107.61","107.57","107.96","107.49","","0.09%"
"17/04/2020","107.51","107.96","108.08","107.30","","-0.40%"
"16/04/2020","107.94","107.49","108.10","107.17","","0.44%"
"15/04/2020","107.47","107.21","107.86","106.93","","0.25%"
"14/04/2020","107.20","107.78","107.81","106.97","","-0.52%"
"13/04/2020","107.76","108.54","108.54","107.50","","-0.65%"
"10/04/2020","108.46","108.54","108.61","108.32","","0.00%"
"09/04/2020","108.46","108.82","109.07","108.21","","-0.32%"
"08/04/2020","108.81","108.71","109.11","108.50","","0.10%"
"07/04/2020","108.70","109.24","109.29","108.67","","-0.46%"
"06/04/2020","109.20","108.43","109.39","108.35","","0.69%"
"03/04/2020","108.45","107.92","108.69","107.80","","0.51%"
"02/04/2020","107.90","107.17","108.11","107.01","","0.70%"
"01/04/2020","107.15","107.54","107.95","106.91","","-0.35%"
"31/03/2020","107.53","107.76","108.74","107.46","","-0.26%"
"30/03/2020","107.81","107.89","108.31","107.11","","-0.07%"
"27/03/2020","107.89","109.60","109.71","107.75","","-1.54%"
"26/03/2020","109.58","111.21","111.32","109.21","","-1.45%"
"25/03/2020","111.19","111.21","111.69","110.75","","-0.02%"
"24/03/2020","111.21","111.21","111.72","110.08","","0.01%"
"23/03/2020","111.20","111.04","111.61","109.67","","0.36%"
"20/03/2020","110.80","110.71","111.52","109.31","","0.10%"
"19/03/2020","110.69","108.07","110.96","107.85","","2.43%"
"18/03/2020","108.06","107.68","108.67","106.75","","0.36%"
"17/03/2020","107.67","105.86","107.87","105.86","","1.72%"
"16/03/2020","105.85","107.93","107.93","105.14","","-1.91%"
"13/03/2020","107.91","104.64","108.50","104.50","","3.13%"
"12/03/2020","104.63","104.57","106.10","103.10","","0.10%"
"11/03/2020","104.53","105.65","105.68","104.10","","-1.04%"
"10/03/2020","105.63","102.38","105.93","102.00","","3.21%"
"09/03/2020","102.34","104.90","104.93","101.18","","-2.81%"
"06/03/2020","105.30","106.17","106.36","104.99","","-0.81%"
"05/03/2020","106.16","107.54","107.75","105.97","","-1.26%"
"04/03/2020","107.52","107.13","107.69","106.85","","0.37%"
"03/03/2020","107.12","108.32","108.54","106.94","","-1.09%"
"02/03/2020","108.30","107.39","108.58","106.99","","0.21%"
"28/02/2020","108.07","109.60","109.69","107.50","","-1.38%"
"27/02/2020","109.58","110.43","110.46","109.57","","-0.76%"
"26/02/2020","110.42","110.21","110.71","110.13","","0.22%"
"25/02/2020","110.18","110.72","111.05","109.89","","-0.48%"
"24/02/2020","110.71","111.60","111.69","110.33","","-0.77%"
"21/02/2020","111.57","112.11","112.19","111.47","","-0.48%"
"20/02/2020","112.11","111.37","112.22","111.11","","0.68%"
"19/02/2020","111.35","109.87","111.60","109.85","","1.36%"
"18/02/2020","109.86","109.88","109.95","109.65","","-0.02%"
"17/02/2020","109.88","109.78","109.97","109.72","","0.13%"
"14/02/2020","109.74","109.82","109.91","109.69","","-0.06%"
"13/02/2020","109.81","110.11","110.11","109.61","","-0.25%"
"12/02/2020","110.08","109.79","110.14","109.77","","0.28%"
"11/02/2020","109.77","109.78","109.97","109.72","","0.03%"
"10/02/2020","109.74","109.85","109.88","109.56","","0.02%"
"07/02/2020","109.72","110.00","110.03","109.53","","-0.25%"
"06/02/2020","109.99","109.82","110.00","109.72","","0.17%"
"05/02/2020","109.80","109.53","109.86","109.30","","0.26%"
"04/02/2020","109.51","108.68","109.55","108.55","","0.77%"
"03/02/2020","108.67","108.41","108.81","108.32","","0.27%"
"31/01/2020","108.38","108.96","109.14","108.32","","-0.52%"
"30/01/2020","108.95","109.01","109.07","108.58","","-0.04%"
"29/01/2020","108.99","109.14","109.27","108.97","","-0.13%"
"28/01/2020","109.13","108.89","109.21","108.75","","0.22%"
"27/01/2020","108.89","109.05","109.14","108.73","","-0.35%"
"24/01/2020","109.27","109.50","109.66","109.17","","-0.19%"
"23/01/2020","109.48","109.84","109.87","109.26","","-0.32%"
"22/01/2020","109.83","109.86","110.10","109.82","","-0.03%"
"21/01/2020","109.86","110.18","110.22","109.76","","-0.29%"
"20/01/2020","110.18","110.15","110.22","110.04","","0.04%"
"17/01/2020","110.14","110.14","110.29","110.04","","0.00%"
"16/01/2020","110.14","109.89","110.19","109.85","","0.24%"
"15/01/2020","109.88","109.99","110.02","109.79","","-0.08%"
"14/01/2020","109.97","109.94","110.21","109.86","","0.04%"
"13/01/2020","109.93","109.49","109.95","109.44","","0.43%"
"10/01/2020","109.46","109.51","109.70","109.43","","-0.05%"
"09/01/2020","109.51","109.12","109.58","109.01","","0.36%"
"08/01/2020","109.12","108.42","109.25","107.64","","0.65%"
"07/01/2020","108.42","108.37","108.64","108.26","","0.06%"
"06/01/2020","108.36","108.00","108.51","107.76","","0.26%"
"03/01/2020","108.08","108.57","108.64","107.83","","-0.45%"
"02/01/2020","108.57","108.75","108.87","108.21","","-0.12%"
"01/01/2020","108.70","108.63","108.75","108.61","","0.08%"